{"name":"a79b14ad-8ba5-425c-8dac-64d80e53eb79","id":"/providers/Microsoft.Flow/flows/a79b14ad-8ba5-425c-8dac-64d80e53eb79","type":"Microsoft.Flow/flows","properties":{"apiId":"/providers/Microsoft.PowerApps/apis/shared_logicflows","displayName":"DEMO - Check Users Birthdate and send email and post msg in Teams","definition":{"metadata":{"workflowEntityId":null,"processAdvisorMetadata":null,"flowclientsuspensionreason":"None","flowclientsuspensiontime":null,"creator":{"id":"dc18c7da-9b6b-433e-93a3-20957771759a","type":"User","tenantId":"cc600e65-180b-4d88-a46b-315c35dd7010"},"provisioningMethod":"FromDefinition","failureAlertSubscription":true,"clientLastModifiedTime":"2021-10-23T13:28:55.4071893Z"},"$schema":"https://schema.management.azure.com/providers/Microsoft.Logic/schemas/2016-06-01/workflowdefinition.json#","contentVersion":"1.0.0.0","parameters":{"$connections":{"defaultValue":{},"type":"Object"},"$authentication":{"defaultValue":{},"type":"SecureObject"}},"triggers":{"Recurrence_-_Run_everyday_8:00_AM":{"recurrence":{"frequency":"Day","interval":1,"timeZone":"W. Europe Standard Time","startTime":"2020-02-16T07:00:00.000Z","schedule":{"hours":["8"],"minutes":[0]}},"type":"Recurrence"}},"actions":{"Get_all_users":{"runAfter":{"Get_TodaysDate":["Succeeded"]},"metadata":{"flowSystemMetadata":{"swaggerOperationId":"SearchUserV2"}},"type":"ApiConnection","inputs":{"host":{"connection":{"name":"@parameters('$connections')['shared_office365users']['connectionId']"},"api":{"runtimeUrl":"https://europe-002.azure-apim.net/apim/office365users"}},"method":"get","path":"/v2/users","authentication":"@parameters('$authentication')"}},"Apply_to_each":{"foreach":"@body('Get_all_users')?['value']","actions":{"Get_user_detail_info":{"runAfter":{},"metadata":{"flowSystemMetadata":{"swaggerOperationId":"UserProfile_V2"}},"type":"ApiConnection","inputs":{"host":{"connection":{"name":"@parameters('$connections')['shared_office365users']['connectionId']"},"api":{"runtimeUrl":"https://europe-002.azure-apim.net/apim/office365users"}},"method":"get","path":"/codeless/v1.0/users/@{encodeURIComponent(items('Apply_to_each')?['UserPrincipalName'])}","authentication":"@parameters('$authentication')"}},"Get_User_Birthdate":{"runAfter":{"Get_user_detail_info":["Succeeded"]},"type":"Compose","inputs":"@formatDateTime(body('Get_user_detail_info')?['birthday'], 'dd-MM')","description":"formatDateTime(body('Get_user_detail_info')?['birthday'], 'dd-MM')"},"Condition":{"actions":{"Check_User_Birthdate":{"runAfter":{},"type":"Compose","inputs":"@outputs('Get_User_Birthdate')"},"GetRandomNr":{"runAfter":{"Check_User_Birthdate":["Succeeded"]},"type":"Compose","inputs":"@rand(1,8)","description":"rand(1,8)"},"Get_file_properties_Birthday_Image":{"runAfter":{"GetRandomNr":["Succeeded"]},"metadata":{"flowSystemMetadata":{"swaggerOperationId":"GetFileItem"}},"type":"ApiConnection","inputs":{"host":{"connection":{"name":"@parameters('$connections')['shared_sharepointonline']['connectionId']"},"api":{"runtimeUrl":"https://europe-002.azure-apim.net/apim/sharepointonline"}},"method":"get","path":"/datasets/@{encodeURIComponent(encodeURIComponent('https://365power.sharepoint.com/sites/PowerPlatformHR'))}/tables/@{encodeURIComponent(encodeURIComponent('BirthdayImages'))}/items/@{encodeURIComponent(outputs('GetRandomNr'))}/getfileitem","authentication":"@parameters('$authentication')"}},"Send_Birthday_mailmessage_to_user":{"runAfter":{"Get_file_properties_Birthday_Image":["Succeeded"]},"metadata":{"flowSystemMetadata":{"swaggerOperationId":"SendEmailV2"}},"type":"ApiConnection","inputs":{"host":{"connection":{"name":"@parameters('$connections')['shared_office365']['connectionId']"},"api":{"runtimeUrl":"https://europe-002.azure-apim.net/apim/office365"}},"method":"post","body":{"To":"@body('Get_user_detail_info')?['mail']","Subject":"Happy Birthday @{body('Get_user_detail_info')?['givenName']}!","Body":"Happy Birthday @{body('Get_user_detail_info')?['givenName']},<p>\n<br>\nWishing you all the best on your birthday! Have a nice day~ <p><br>\n<img src=\"@{body('Get_file_properties_Birthday_Image')?['{Link}']}\" alt=\"Birthday card image\"><p><br>\n<p>\nKind Regards, \n<p>\nTeam HR\n</p>","Bcc":"michelle@365power.onmicrosoft.com","Importance":"Normal"},"path":"/v2/Mail","authentication":"@parameters('$authentication')"}},"Post_adaptive_card_to_Fun_and_socials_channel":{"runAfter":{"AdaptiveCard":["Succeeded"]},"metadata":{"flowSystemMetadata":{"swaggerOperationId":"PostChannelAdaptiveCard"}},"type":"ApiConnection","inputs":{"host":{"connection":{"name":"@parameters('$connections')['shared_teams']['connectionId']"},"api":{"runtimeUrl":"https://europe-002.azure-apim.net/apim/teams"}},"method":"post","body":{"recipient":{"channelId":"19:e4fc343a048645fca129b583ef1df4a6@thread.skype"},"messageBody":"@{outputs('AdaptiveCard')}"},"path":"/flowbot/actions/adaptivecard/recipienttypes/channel","queries":{"groupId":"e88c0627-5a42-4a52-b9f9-d5fed369a624"},"authentication":"@parameters('$authentication')"}},"AdaptiveCard":{"runAfter":{"Send_Birthday_mailmessage_to_user":["Succeeded"]},"type":"Compose","inputs":{"$schema":"http://adaptivecards.io/schemas/adaptive-card.json","type":"AdaptiveCard","version":"1.0","body":[{"type":"Container","items":[{"type":"TextBlock","text":"Today it is @{body('Get_user_detail_info')?['givenName']}'s Birthday! 🎉✨","weight":"bolder","size":"medium"}]},{"type":"Container","items":[{"type":"TextBlock","text":"Colleagues, wish @{body('Get_user_detail_info')?['givenName']} to  have a nice day!","wrap":true}]}]}}},"runAfter":{"Get_User_Birthdate":["Succeeded"]},"else":{"actions":{"Check_user_birthdate_-_DO_NOTHING":{"runAfter":{},"type":"Compose","inputs":"@outputs('Get_User_Birthdate')"}}},"expression":{"equals":["@outputs('Get_User_Birthdate')","@outputs('Get_TodaysDate')"]},"type":"If"}},"runAfter":{"Get_all_users":["Succeeded"]},"type":"Foreach"},"Get_TodaysDate":{"runAfter":{},"type":"Compose","inputs":"@formatDateTime(utcNow(), 'dd-MM')","description":"formatDateTime(utcNow(), 'dd-MM')"}},"description":"Power Automate example - \nCheck all Office 365 users birthday dates, if today's date is the users birthdate, then send the user an e-mail with a birthday message and also post a message to \"Power Platform\" Teams, Fun and Social channel. Run everyday 8:00 AM\n\n- After import, change the actions with your SharePoint library and Teams channel to post the adaptive card message."},"connectionReferences":{"shared_office365users":{"connectionName":"shared-office365user-5aee4a4e-9faf-4b0c-9e2e-f3cbdf9310f4","source":"Embedded","id":"/providers/Microsoft.PowerApps/apis/shared_office365users","tier":"NotSpecified"},"shared_sharepointonline":{"connectionName":"shared-sharepointonl-329a3e7d-fc1f-435e-9bcd-8017dc3b4b5c","source":"Embedded","id":"/providers/Microsoft.PowerApps/apis/shared_sharepointonline","tier":"NotSpecified"},"shared_office365":{"connectionName":"shared-office365-1799522e-7ab6-413b-9142-b5a176bdaff9","source":"Embedded","id":"/providers/Microsoft.PowerApps/apis/shared_office365","tier":"NotSpecified"},"shared_teams":{"connectionName":"shared-teams-b5368740-05da-403a-8d26-62e1bace10b7","source":"Embedded","id":"/providers/Microsoft.PowerApps/apis/shared_teams","tier":"NotSpecified"}},"flowFailureAlertSubscribed":false}}